sitemap	status	is_index	urls	images
https://azbyka.ru/sitemap_index.xml	200	1	6	0
https://azbyka.ru/audio/sitemap_index.xml	200	1	4	0
https://azbyka.ru/art/sitemap_index.xml	200	1	11	0
https://azbyka.ru/apokalipsis/sitemap_index.xml	200	1	3	0
https://azbyka.ru/bogosluzhenie/sitemap_index.xml	200	1	3	0
https://azbyka.ru/biblia/sitemap	200	1	6	0
https://azbyka.ru/chaso-slov/sitemap_index.xml	200	1	1	0
https://azbyka.ru/chinaorthodox/sitemap_index.xml	200	1	4	0
https://azbyka.ru/crosswords/sitemap_index.xml	200	1	3	0
https://azbyka.ru/deti/sitemap_index.xml	200	1	4	0
https://azbyka.ru/fond/sitemap_index.xml	200	1	4	0
https://azbyka.ru/foto/sitemap_index.xml	200	1	3	0
https://azbyka.ru/fiction/sitemap_index.xml	200	1	9	0
https://azbyka.ru/frontinskiy/sitemap_index.xml	200	1	3	0
https://azbyka.ru/katehizacija/sitemap_index.xml	200	1	3	0
https://azbyka.ru/molitvoslov/sitemap_index.xml	200	1	5	0
https://azbyka.ru/life/sitemap_index.xml	200	1	6	0
https://azbyka.ru/news/sitemap_index.xml	200	1	7	0
https://azbyka.ru/palomnik/blogs/sitemap_index.xml	200	1	3	0
https://azbyka.ru/palomnik/Sitemap.xml	200	1	2	0
https://azbyka.ru/parkhomenko/sitemap_index.xml	200	1	3	0
https://azbyka.ru/parkhomenko/foto/sitemap_index.xml	200	1	2	0
https://azbyka.ru/propovedi/sitemap_index.xml	200	1	3	0
https://azbyka.ru/quiz/sitemap_index.xml	200	1	3	0
https://azbyka.ru/recept/sitemap_index.xml	200	1	11	0
https://azbyka.ru/shemy/sitemap_index.xml	200	1	3	0
https://azbyka.ru/semya/sitemap_index.xml	200	1	3	0
https://azbyka.ru/test/sitemap_index.xml	200	1	5	0
https://azbyka.ru/video/sitemap_index.xml	200	1	4	0
https://azbyka.ru/viktorina/sitemap_index.xml	200	1	3	0
https://azbyka.ru/way/sitemap_index.xml	200	1	6	0
https://azbyka.ru/zdorovie/sitemap_index.xml	200	1	5	0
https://azbyka.ru/psalms/sitemap_index.xml	200	1	2	0
https://azbyka.ru/otechnik/sitemap.xml	200	1	6	0
https://azbyka.ru/opros/sitemap_index.xml	200	1	3	0
https://azbyka.ru/days/sitemaps.xml	200	1	2	0
https://azbyka.ru/days/sitemap/saints.xml	200	0	6035	0
https://azbyka.ru/days/sitemap/other.xml	200	0	1636	0
https://azbyka.ru/znakomstva/sitemap_index.xml	200	1	9	0
https://azbyka.ru/death/sitemap_index.xml	200	1	3	0
https://azbyka.ru/vopros/sitemap_index.xml	200	1	13	0
https://azbyka.ru/garden/sitemap_index.xml	200	1	3	0
https://azbyka.ru/kliros/sitemap_index.xml	200	1	7	0
https://azbyka.ru/pravo/sitemap_index.xml	200	1	4	0
https://azbyka.ru/quotes/sitemap_index.xml	200	1	153	0
https://azbyka.ru/forum/sitemap.xml	200	0	48768	3559
https://azbyka.ru/worships/sitemap_index.xml	200	1	3	0
https://azbyka.ru/trezvost/sitemap_index.xml	200	1	3	0
https://azbyka.ru/japanorthodox/sitemap_index.xml	200	1	3	0
https://azbyka.ru/memo/sitemap_index.xml	200	1	4	0
https://azbyka.ru/games/sitemap_index.xml	200	1	3	0
https://azbyka.ru/sueverie/sitemap_index.xml	200	1	3	0
https://azbyka.ru/sitemap.xml	200	0	0	0
https://azbyka.ru/post-sitemap1.xml	200	0	1000	1522
https://azbyka.ru/post-sitemap2.xml	200	0	1000	1040
https://azbyka.ru/post-sitemap3.xml	200	0	1000	837
https://azbyka.ru/post-sitemap4.xml	200	0	482	82
https://azbyka.ru/page-sitemap.xml	200	0	27	13
https://azbyka.ru/category-sitemap.xml	200	0	8	0
https://azbyka.ru/audio/post-sitemap1.xml	200	0	1000	34
https://azbyka.ru/audio/post-sitemap2.xml	200	0	164	6
https://azbyka.ru/audio/page-sitemap.xml	200	0	4	0
https://azbyka.ru/audio/category-sitemap.xml	200	0	225	1
https://azbyka.ru/art/post-sitemap1.xml	200	0	201	200
https://azbyka.ru/art/post-sitemap2.xml	200	0	200	200
https://azbyka.ru/art/post-sitemap3.xml	200	0	200	200
https://azbyka.ru/art/post-sitemap4.xml	200	0	200	200
https://azbyka.ru/art/post-sitemap5.xml	200	0	200	200
https://azbyka.ru/art/post-sitemap6.xml	200	0	200	200
https://azbyka.ru/art/post-sitemap7.xml	200	0	41	40
https://azbyka.ru/art/page-sitemap.xml	200	0	6	24
https://azbyka.ru/art/category-sitemap.xml	200	0	16	0
https://azbyka.ru/art/avtor-sitemap1.xml	200	0	200	0
https://azbyka.ru/art/avtor-sitemap2.xml	200	0	41	0
https://azbyka.ru/apokalipsis/post-sitemap.xml	200	0	128	4
https://azbyka.ru/apokalipsis/page-sitemap.xml	200	0	6	0
https://azbyka.ru/apokalipsis/category-sitemap.xml	200	0	18	0
https://azbyka.ru/bogosluzhenie/post-sitemap.xml	200	0	297	194
https://azbyka.ru/bogosluzhenie/page-sitemap.xml	200	0	2	0
https://azbyka.ru/bogosluzhenie/category-sitemap.xml	200	0	15	0
https://azbyka.ru/biblia/sitemap/pages	200	0	11	0
https://azbyka.ru/biblia/sitemap/chapters	200	0	1361	0
https://azbyka.ru/biblia/sitemap/interp/ot	200	0	26793	0
https://azbyka.ru/biblia/sitemap/interp/nt	200	0	7955	0
https://azbyka.ru/biblia/sitemap/days	200	0	304	0
https://azbyka.ru/biblia/sitemap/interlinear	200	0	14880	0
https://azbyka.ru/chaso-slov/page-sitemap.xml	200	0	18	1
https://azbyka.ru/chinaorthodox/post-sitemap.xml	200	0	111	101
https://azbyka.ru/chinaorthodox/page-sitemap.xml	200	0	3	0
https://azbyka.ru/chinaorthodox/gallery-sitemap.xml	200	0	1	0
https://azbyka.ru/chinaorthodox/category-sitemap.xml	200	0	23	0
https://azbyka.ru/crosswords/post-sitemap.xml	200	0	211	0
https://azbyka.ru/crosswords/page-sitemap.xml	200	0	2	0
https://azbyka.ru/crosswords/category-sitemap.xml	200	0	8	0
https://azbyka.ru/deti/post-sitemap1.xml	200	0	997	2611
https://azbyka.ru/deti/post-sitemap2.xml	200	0	841	1062
https://azbyka.ru/deti/page-sitemap.xml	200	0	4	1
https://azbyka.ru/deti/category-sitemap.xml	200	0	111	0
https://azbyka.ru/fond/post-sitemap.xml	200	0	4	0
https://azbyka.ru/fond/page-sitemap.xml	200	0	9	11
https://azbyka.ru/fond/mailpoet_page-sitemap.xml	200	0	2	0
https://azbyka.ru/fond/category-sitemap.xml	200	0	2	0
https://azbyka.ru/foto/post-sitemap.xml	200	0	44	1134
https://azbyka.ru/foto/page-sitemap.xml	200	0	6	0
https://azbyka.ru/foto/category-sitemap.xml	200	0	11	0
https://azbyka.ru/fiction/post-sitemap1.xml	200	0	500	595
https://azbyka.ru/fiction/post-sitemap2.xml	200	0	500	585
https://azbyka.ru/fiction/post-sitemap3.xml	200	0	499	568
https://azbyka.ru/fiction/post-sitemap4.xml	200	0	497	503
https://azbyka.ru/fiction/post-sitemap5.xml	200	0	495	4
https://azbyka.ru/fiction/post-sitemap6.xml	200	0	498	153
https://azbyka.ru/fiction/post-sitemap7.xml	200	0	95	116
https://azbyka.ru/fiction/page-sitemap.xml	200	0	4	0
https://azbyka.ru/fiction/category-sitemap.xml	200	0	35	0
https://azbyka.ru/frontinskiy/post-sitemap.xml	200	0	67	234
https://azbyka.ru/frontinskiy/page-sitemap.xml	200	0	3	1
https://azbyka.ru/frontinskiy/category-sitemap.xml	200	0	3	0
https://azbyka.ru/katehizacija/post-sitemap.xml	200	0	246	27
https://azbyka.ru/katehizacija/page-sitemap.xml	200	0	4	0
https://azbyka.ru/katehizacija/category-sitemap.xml	200	0	23	0
https://azbyka.ru/molitvoslov/post-sitemap1.xml	200	0	966	1205
https://azbyka.ru/molitvoslov/post-sitemap2.xml	200	0	985	830
https://azbyka.ru/molitvoslov/post-sitemap3.xml	200	0	5	0
https://azbyka.ru/molitvoslov/page-sitemap.xml	200	0	4	0
https://azbyka.ru/molitvoslov/category-sitemap.xml	200	0	53	0
https://azbyka.ru/life/post-sitemap1.xml	200	0	201	769
https://azbyka.ru/life/post-sitemap2.xml	200	0	200	971
https://azbyka.ru/life/post-sitemap3.xml	200	0	200	909
https://azbyka.ru/life/post-sitemap4.xml	200	0	86	406
https://azbyka.ru/life/page-sitemap.xml	200	0	2	0
https://azbyka.ru/life/category-sitemap.xml	200	0	29	0
https://azbyka.ru/news/post-sitemap1.xml	200	0	1001	0
https://azbyka.ru/news/post-sitemap2.xml	200	0	1000	0
https://azbyka.ru/news/post-sitemap3.xml	200	0	1000	0
https://azbyka.ru/news/post-sitemap4.xml	200	0	1000	0
https://azbyka.ru/news/post-sitemap5.xml	200	0	701	0
https://azbyka.ru/news/page-sitemap.xml	200	0	3	0
https://azbyka.ru/news/category-sitemap.xml	200	0	19	0
https://azbyka.ru/palomnik/blogs/post-sitemap.xml	200	0	154	259
https://azbyka.ru/palomnik/blogs/page-sitemap.xml	200	0	2	0
https://azbyka.ru/palomnik/blogs/category-sitemap.xml	200	0	14	0
https://azbyka.ru/palomnik/Sitemap-0-1.xml	200	0	15434	0
https://azbyka.ru/palomnik/Sitemap-14-1.xml	200	0	1249	0
https://azbyka.ru/parkhomenko/post-sitemap.xml	200	0	108	1068
https://azbyka.ru/parkhomenko/page-sitemap.xml	200	0	7	4
https://azbyka.ru/parkhomenko/category-sitemap.xml	200	0	19	7
https://azbyka.ru/parkhomenko/foto/page-sitemap.xml	200	0	149	5154
https://azbyka.ru/parkhomenko/foto/category-sitemap.xml	200	0	1	0
https://azbyka.ru/propovedi/post-sitemap.xml	200	0	275	5
https://azbyka.ru/propovedi/page-sitemap.xml	200	0	3	0
https://azbyka.ru/propovedi/category-sitemap.xml	200	0	106	0
https://azbyka.ru/quiz/post-sitemap.xml	200	0	41	1
https://azbyka.ru/quiz/page-sitemap.xml	200	0	2	0
https://azbyka.ru/quiz/category-sitemap.xml	200	0	7	0
https://azbyka.ru/recept/post-sitemap1.xml	200	0	1001	1004
https://azbyka.ru/recept/post-sitemap2.xml	200	0	1000	1001
https://azbyka.ru/recept/post-sitemap3.xml	200	0	1000	1065
https://azbyka.ru/recept/post-sitemap4.xml	200	0	1000	1046
https://azbyka.ru/recept/post-sitemap5.xml	200	0	1000	1298
https://azbyka.ru/recept/post-sitemap6.xml	200	0	1000	1070
https://azbyka.ru/recept/post-sitemap7.xml	200	0	1000	1072
https://azbyka.ru/recept/post-sitemap8.xml	200	0	1000	1096
https://azbyka.ru/recept/post-sitemap9.xml	200	0	728	892
https://azbyka.ru/recept/page-sitemap.xml	200	0	2	0
https://azbyka.ru/recept/category-sitemap.xml	200	0	866	0
https://azbyka.ru/shemy/post-sitemap.xml	200	0	255	201
https://azbyka.ru/shemy/page-sitemap.xml	200	0	3	0
https://azbyka.ru/shemy/category-sitemap.xml	200	0	45	0
https://azbyka.ru/semya/post-sitemap.xml	200	0	594	294
https://azbyka.ru/semya/page-sitemap.xml	200	0	2	0
https://azbyka.ru/semya/category-sitemap.xml	200	0	23	0
https://azbyka.ru/test/post-sitemap.xml	200	0	2	4
https://azbyka.ru/test/page-sitemap.xml	200	0	8	0
https://azbyka.ru/test/chronos-sitemap.xml	200	0	81	0
https://azbyka.ru/test/test-sitemap.xml	200	0	436	11
https://azbyka.ru/test/category-sitemap.xml	200	0	40	0
https://azbyka.ru/video/post-sitemap1.xml	200	0	1001	38
https://azbyka.ru/video/post-sitemap2.xml	200	0	481	0
https://azbyka.ru/video/page-sitemap.xml	200	0	3	0
https://azbyka.ru/video/category-sitemap.xml	200	0	69	0
https://azbyka.ru/viktorina/post-sitemap.xml	200	0	115	0
https://azbyka.ru/viktorina/page-sitemap.xml	200	0	2	0
https://azbyka.ru/viktorina/category-sitemap.xml	200	0	10	0
https://azbyka.ru/way/post-sitemap1.xml	200	0	200	51
https://azbyka.ru/way/post-sitemap2.xml	200	0	200	53
https://azbyka.ru/way/post-sitemap3.xml	200	0	200	30
https://azbyka.ru/way/post-sitemap4.xml	200	0	42	3
https://azbyka.ru/way/page-sitemap.xml	200	0	2	0
https://azbyka.ru/way/category-sitemap.xml	200	0	27	0
https://azbyka.ru/zdorovie/post-sitemap1.xml	200	0	1000	1405
https://azbyka.ru/zdorovie/post-sitemap2.xml	200	0	398	618
https://azbyka.ru/zdorovie/page-sitemap.xml	200	0	5	0
https://azbyka.ru/zdorovie/test-sitemap.xml	200	0	5	0
https://azbyka.ru/zdorovie/category-sitemap.xml	200	0	84	0
https://azbyka.ru/psalms/post-sitemap.xml	200	0	9	0
https://azbyka.ru/psalms/page-sitemap.xml	200	0	9	0
https://azbyka.ru/otechnik/sitemap/other.xml	200	0	1209	0
https://azbyka.ru/otechnik/sitemap/id-uri-book.xml	200	0	36	0
https://azbyka.ru/otechnik/sitemap/public-book-simple-partition1.xml	200	0	20042	0
https://azbyka.ru/otechnik/sitemap/public-book-simple-partition2.xml	200	0	955	0
https://azbyka.ru/otechnik/sitemap/public-book-two-nesting-level-partition.xml	200	0	4599	0
https://azbyka.ru/otechnik/sitemap/summary-and-file-book.xml	200	0	2987	0
https://azbyka.ru/opros/post-sitemap.xml	200	0	31	0
https://azbyka.ru/opros/page-sitemap.xml	200	0	1	0
https://azbyka.ru/opros/category-sitemap.xml	200	0	6	0
https://azbyka.ru/znakomstva/post-sitemap1.xml	200	0	201	68
https://azbyka.ru/znakomstva/post-sitemap2.xml	200	0	200	46
https://azbyka.ru/znakomstva/post-sitemap3.xml	200	0	200	54
https://azbyka.ru/znakomstva/post-sitemap4.xml	200	0	200	130
https://azbyka.ru/znakomstva/post-sitemap5.xml	200	0	200	167
https://azbyka.ru/znakomstva/post-sitemap6.xml	200	0	167	120
https://azbyka.ru/znakomstva/post-sitemap7.xml	200	0	42	10
https://azbyka.ru/znakomstva/page-sitemap.xml	200	0	51	1
https://azbyka.ru/znakomstva/category-sitemap.xml	200	0	1	0
https://azbyka.ru/death/post-sitemap.xml	200	0	37	18
https://azbyka.ru/death/page-sitemap.xml	200	0	22	33
https://azbyka.ru/death/category-sitemap.xml	200	0	2	0
https://azbyka.ru/vopros/post-sitemap.xml	200	0	670	0
https://azbyka.ru/vopros/page-sitemap.xml	200	0	3	0
https://azbyka.ru/vopros/question-sitemap1.xml	200	0	1001	2
https://azbyka.ru/vopros/question-sitemap2.xml	200	0	1000	1
https://azbyka.ru/vopros/question-sitemap3.xml	200	0	1000	0
https://azbyka.ru/vopros/question-sitemap4.xml	200	0	1000	0
https://azbyka.ru/vopros/question-sitemap5.xml	200	0	1000	2
https://azbyka.ru/vopros/question-sitemap6.xml	200	0	1000	7
https://azbyka.ru/vopros/question-sitemap7.xml	200	0	1000	7
https://azbyka.ru/vopros/question-sitemap8.xml	200	0	1000	10
https://azbyka.ru/vopros/question-sitemap9.xml	200	0	141	0
https://azbyka.ru/vopros/question_category-sitemap.xml	200	0	51	0
https://azbyka.ru/vopros/question_tag-sitemap.xml	200	0	704	0
https://azbyka.ru/garden/post-sitemap.xml	200	0	861	2405
https://azbyka.ru/garden/page-sitemap.xml	200	0	6	0
https://azbyka.ru/garden/category-sitemap.xml	200	0	92	0
https://azbyka.ru/kliros/post-sitemap1.xml	200	0	0	0
https://azbyka.ru/kliros/post-sitemap2.xml	200	0	1000	0
https://azbyka.ru/kliros/post-sitemap3.xml	200	0	543	0
https://azbyka.ru/kliros/page-sitemap.xml	200	0	7	0
https://azbyka.ru/kliros/category-sitemap.xml	200	0	74	0
https://azbyka.ru/kliros/post_tag-sitemap1.xml	200	0	1000	0
https://azbyka.ru/kliros/post_tag-sitemap2.xml	200	0	111	0
https://azbyka.ru/pravo/post-sitemap.xml	200	0	783	0
https://azbyka.ru/pravo/page-sitemap.xml	200	0	6	0
https://azbyka.ru/pravo/articles-sitemap.xml	200	0	7	1
https://azbyka.ru/pravo/category-sitemap.xml	200	0	31	0
https://azbyka.ru/quotes/post-sitemap1.xml	200	0	201	0
https://azbyka.ru/quotes/post-sitemap2.xml	200	0	200	0
https://azbyka.ru/quotes/post-sitemap3.xml	200	0	200	0
https://azbyka.ru/quotes/post-sitemap4.xml	200	0	200	0
https://azbyka.ru/quotes/post-sitemap5.xml	200	0	200	0
https://azbyka.ru/quotes/post-sitemap6.xml	200	0	200	0
https://azbyka.ru/quotes/post-sitemap7.xml	200	0	200	0
https://azbyka.ru/quotes/post-sitemap8.xml	200	0	200	0
https://azbyka.ru/quotes/post-sitemap9.xml	200	0	200	0
https://azbyka.ru/quotes/post-sitemap10.xml	200	0	200	0
https://azbyka.ru/quotes/post-sitemap11.xml	200	0	200	0
https://azbyka.ru/quotes/post-sitemap12.xml	200	0	200	0
https://azbyka.ru/quotes/post-sitemap13.xml	200	0	200	0
https://azbyka.ru/quotes/post-sitemap14.xml	200	0	200	0
https://azbyka.ru/quotes/post-sitemap15.xml	200	0	200	0
https://azbyka.ru/quotes/post-sitemap16.xml	200	0	200	0
https://azbyka.ru/quotes/post-sitemap17.xml	200	0	200	0
https://azbyka.ru/quotes/post-sitemap18.xml	200	0	200	0
https://azbyka.ru/quotes/post-sitemap19.xml	200	0	200	0
https://azbyka.ru/quotes/post-sitemap20.xml	200	0	200	0
https://azbyka.ru/quotes/post-sitemap21.xml	200	0	200	0
https://azbyka.ru/quotes/post-sitemap22.xml	200	0	200	0
https://azbyka.ru/quotes/post-sitemap23.xml	200	0	200	0
https://azbyka.ru/quotes/post-sitemap24.xml	200	0	200	0
https://azbyka.ru/quotes/post-sitemap25.xml	200	0	200	0
https://azbyka.ru/quotes/post-sitemap26.xml	200	0	200	0
https://azbyka.ru/quotes/post-sitemap27.xml	200	0	200	0
https://azbyka.ru/quotes/post-sitemap28.xml	200	0	200	0
https://azbyka.ru/quotes/post-sitemap29.xml	200	0	200	0
https://azbyka.ru/quotes/post-sitemap30.xml	200	0	200	0
https://azbyka.ru/quotes/post-sitemap31.xml	200	0	200	0
https://azbyka.ru/quotes/post-sitemap32.xml	200	0	200	0
https://azbyka.ru/quotes/post-sitemap33.xml	200	0	200	0
https://azbyka.ru/quotes/post-sitemap34.xml	200	0	200	0
https://azbyka.ru/quotes/post-sitemap35.xml	200	0	200	0
https://azbyka.ru/quotes/post-sitemap36.xml	200	0	200	0
https://azbyka.ru/quotes/post-sitemap37.xml	200	0	200	0
https://azbyka.ru/quotes/post-sitemap38.xml	200	0	200	0
https://azbyka.ru/quotes/post-sitemap39.xml	200	0	200	0
https://azbyka.ru/quotes/post-sitemap40.xml	200	0	200	0
https://azbyka.ru/quotes/post-sitemap41.xml	200	0	200	0
https://azbyka.ru/quotes/post-sitemap42.xml	200	0	200	0
https://azbyka.ru/quotes/post-sitemap43.xml	200	0	200	0
https://azbyka.ru/quotes/post-sitemap44.xml	200	0	200	0
https://azbyka.ru/quotes/post-sitemap45.xml	200	0	200	0
https://azbyka.ru/quotes/post-sitemap46.xml	200	0	200	0
https://azbyka.ru/quotes/post-sitemap47.xml	200	0	200	0
https://azbyka.ru/quotes/post-sitemap48.xml	200	0	200	0
https://azbyka.ru/quotes/post-sitemap49.xml	200	0	200	0
https://azbyka.ru/quotes/post-sitemap50.xml	200	0	200	0
https://azbyka.ru/quotes/post-sitemap51.xml	200	0	200	0
https://azbyka.ru/quotes/post-sitemap52.xml	200	0	200	0
https://azbyka.ru/quotes/post-sitemap53.xml	200	0	200	0
https://azbyka.ru/quotes/post-sitemap54.xml	200	0	200	0
https://azbyka.ru/quotes/post-sitemap55.xml	skipped	0	200	0
https://azbyka.ru/quotes/post-sitemap56.xml	skipped	0	200	0
https://azbyka.ru/quotes/post-sitemap57.xml	skipped	0	200	0
https://azbyka.ru/quotes/post-sitemap58.xml	skipped	0	200	0
https://azbyka.ru/quotes/post-sitemap59.xml	skipped	0	200	0
https://azbyka.ru/quotes/post-sitemap60.xml	skipped	0	200	0
https://azbyka.ru/quotes/post-sitemap61.xml	skipped	0	200	0
https://azbyka.ru/quotes/post-sitemap62.xml	skipped	0	200	0
https://azbyka.ru/quotes/post-sitemap63.xml	skipped	0	200	0
https://azbyka.ru/quotes/post-sitemap64.xml	skipped	0	200	0
https://azbyka.ru/quotes/post-sitemap65.xml	skipped	0	200	0
https://azbyka.ru/quotes/post-sitemap66.xml	skipped	0	200	0
https://azbyka.ru/quotes/post-sitemap67.xml	skipped	0	200	0
https://azbyka.ru/quotes/post-sitemap68.xml	skipped	0	200	0
https://azbyka.ru/quotes/post-sitemap69.xml	skipped	0	200	0
https://azbyka.ru/quotes/post-sitemap70.xml	skipped	0	200	0
https://azbyka.ru/quotes/post-sitemap71.xml	skipped	0	200	0
https://azbyka.ru/quotes/post-sitemap72.xml	skipped	0	200	0
https://azbyka.ru/quotes/post-sitemap73.xml	skipped	0	200	0
https://azbyka.ru/quotes/post-sitemap74.xml	skipped	0	200	0
https://azbyka.ru/quotes/post-sitemap75.xml	skipped	0	200	0
https://azbyka.ru/quotes/post-sitemap76.xml	skipped	0	200	0
https://azbyka.ru/quotes/post-sitemap77.xml	skipped	0	200	0
https://azbyka.ru/quotes/post-sitemap78.xml	skipped	0	200	0
https://azbyka.ru/quotes/post-sitemap79.xml	skipped	0	200	0
https://azbyka.ru/quotes/post-sitemap80.xml	skipped	0	200	0
https://azbyka.ru/quotes/post-sitemap81.xml	skipped	0	200	0
https://azbyka.ru/quotes/post-sitemap82.xml	skipped	0	200	0
https://azbyka.ru/quotes/post-sitemap83.xml	skipped	0	200	0
https://azbyka.ru/quotes/post-sitemap84.xml	skipped	0	200	0
https://azbyka.ru/quotes/post-sitemap85.xml	skipped	0	200	0
https://azbyka.ru/quotes/post-sitemap86.xml	skipped	0	200	0
https://azbyka.ru/quotes/post-sitemap87.xml	skipped	0	200	0
https://azbyka.ru/quotes/post-sitemap88.xml	skipped	0	200	0
https://azbyka.ru/quotes/post-sitemap89.xml	skipped	0	200	0
https://azbyka.ru/quotes/post-sitemap90.xml	skipped	0	200	0
https://azbyka.ru/quotes/post-sitemap91.xml	skipped	0	200	0
https://azbyka.ru/quotes/post-sitemap92.xml	skipped	0	200	0
https://azbyka.ru/quotes/post-sitemap93.xml	skipped	0	200	0
https://azbyka.ru/quotes/post-sitemap94.xml	skipped	0	200	0
https://azbyka.ru/quotes/post-sitemap95.xml	skipped	0	200	0
https://azbyka.ru/quotes/post-sitemap96.xml	skipped	0	200	0
https://azbyka.ru/quotes/post-sitemap97.xml	skipped	0	200	0
https://azbyka.ru/quotes/post-sitemap98.xml	skipped	0	200	0
https://azbyka.ru/quotes/post-sitemap99.xml	skipped	0	200	0
https://azbyka.ru/quotes/post-sitemap100.xml	skipped	0	200	0
https://azbyka.ru/quotes/post-sitemap101.xml	skipped	0	200	0
https://azbyka.ru/quotes/post-sitemap102.xml	skipped	0	200	0
https://azbyka.ru/quotes/post-sitemap103.xml	skipped	0	200	0
https://azbyka.ru/quotes/post-sitemap104.xml	skipped	0	200	0
https://azbyka.ru/quotes/post-sitemap105.xml	skipped	0	200	0
https://azbyka.ru/quotes/post-sitemap106.xml	skipped	0	200	0
https://azbyka.ru/quotes/post-sitemap107.xml	skipped	0	200	0
https://azbyka.ru/quotes/post-sitemap108.xml	skipped	0	200	0
https://azbyka.ru/quotes/post-sitemap109.xml	skipped	0	200	0
https://azbyka.ru/quotes/post-sitemap110.xml	skipped	0	200	0
https://azbyka.ru/quotes/post-sitemap111.xml	skipped	0	200	0
https://azbyka.ru/quotes/post-sitemap112.xml	skipped	0	200	0
https://azbyka.ru/quotes/post-sitemap113.xml	skipped	0	200	0
https://azbyka.ru/quotes/post-sitemap114.xml	skipped	0	200	0
https://azbyka.ru/quotes/post-sitemap115.xml	skipped	0	200	0
https://azbyka.ru/quotes/post-sitemap116.xml	skipped	0	200	0
https://azbyka.ru/quotes/post-sitemap117.xml	skipped	0	200	0
https://azbyka.ru/quotes/post-sitemap118.xml	skipped	0	200	0
https://azbyka.ru/quotes/post-sitemap119.xml	skipped	0	200	0
https://azbyka.ru/quotes/post-sitemap120.xml	skipped	0	200	0
https://azbyka.ru/quotes/post-sitemap121.xml	skipped	0	200	0
https://azbyka.ru/quotes/post-sitemap122.xml	skipped	0	200	0
https://azbyka.ru/quotes/post-sitemap123.xml	skipped	0	200	0
https://azbyka.ru/quotes/post-sitemap124.xml	skipped	0	200	0
https://azbyka.ru/quotes/post-sitemap125.xml	skipped	0	200	0
https://azbyka.ru/quotes/post-sitemap126.xml	skipped	0	200	0
https://azbyka.ru/quotes/post-sitemap127.xml	skipped	0	200	0
https://azbyka.ru/quotes/post-sitemap128.xml	skipped	0	200	0
https://azbyka.ru/quotes/post-sitemap129.xml	skipped	0	200	0
https://azbyka.ru/quotes/post-sitemap130.xml	skipped	0	200	0
https://azbyka.ru/quotes/post-sitemap131.xml	skipped	0	200	0
https://azbyka.ru/quotes/post-sitemap132.xml	skipped	0	200	0
https://azbyka.ru/quotes/post-sitemap133.xml	skipped	0	200	0
https://azbyka.ru/quotes/post-sitemap134.xml	skipped	0	200	0
https://azbyka.ru/quotes/post-sitemap135.xml	skipped	0	200	0
https://azbyka.ru/quotes/post-sitemap136.xml	skipped	0	200	0
https://azbyka.ru/quotes/post-sitemap137.xml	skipped	0	200	0
https://azbyka.ru/quotes/post-sitemap138.xml	skipped	0	200	0
https://azbyka.ru/quotes/post-sitemap139.xml	skipped	0	200	0
https://azbyka.ru/quotes/post-sitemap140.xml	skipped	0	200	0
https://azbyka.ru/quotes/post-sitemap141.xml	skipped	0	200	0
https://azbyka.ru/quotes/post-sitemap142.xml	skipped	0	200	0
https://azbyka.ru/quotes/post-sitemap143.xml	skipped	0	200	0
https://azbyka.ru/quotes/post-sitemap144.xml	skipped	0	200	0
https://azbyka.ru/quotes/post-sitemap145.xml	skipped	0	200	0
https://azbyka.ru/quotes/page-sitemap.xml	200	0	4	0
https://azbyka.ru/quotes/category-sitemap.xml	200	0	176	0
https://azbyka.ru/quotes/avtor-sitemap1.xml	200	0	200	0
https://azbyka.ru/quotes/avtor-sitemap2.xml	200	0	52	0
https://azbyka.ru/quotes/trud-sitemap1.xml	200	0	200	0
https://azbyka.ru/quotes/trud-sitemap2.xml	200	0	200	0
https://azbyka.ru/quotes/trud-sitemap3.xml	200	0	200	0
https://azbyka.ru/quotes/trud-sitemap4.xml	200	0	41	0
https://azbyka.ru/worships/post-sitemap.xml	200	0	71	0
https://azbyka.ru/worships/page-sitemap.xml	200	0	27	3
https://azbyka.ru/worships/category-sitemap.xml	200	0	30	0
https://azbyka.ru/trezvost/post-sitemap.xml	200	0	143	106
https://azbyka.ru/trezvost/page-sitemap.xml	200	0	4	0
https://azbyka.ru/trezvost/category-sitemap.xml	200	0	16	0
https://azbyka.ru/japanorthodox/post-sitemap.xml	200	0	62	265
https://azbyka.ru/japanorthodox/page-sitemap.xml	200	0	1	0
https://azbyka.ru/japanorthodox/category-sitemap.xml	200	0	6	0
https://azbyka.ru/memo/post-sitemap1.xml	200	0	200	0
https://azbyka.ru/memo/post-sitemap2.xml	200	0	200	0
https://azbyka.ru/memo/page-sitemap.xml	200	0	53	20
https://azbyka.ru/memo/category-sitemap.xml	200	0	20	0
https://azbyka.ru/games/post-sitemap.xml	200	0	5	1
https://azbyka.ru/games/page-sitemap.xml	200	0	1	0
https://azbyka.ru/games/category-sitemap.xml	200	0	1	0
https://azbyka.ru/sueverie/post-sitemap.xml	200	0	745	507
https://azbyka.ru/sueverie/page-sitemap.xml	200	0	5	2
https://azbyka.ru/sueverie/category-sitemap.xml	200	0	51	0
